{"cameraMode":{"drawMode":0,"name":"Shaded","section":"Shading Mode"},"sceneLighting":true,"audioPlay":false,"sceneViewState":{"showFog":false,"showMaterialUpdate":false,"showSkybox":true,"showFlares":true,"showImageEffects":true,"showParticleSystems":true},"in2DMode":false,"pivot":{"x":-516.1113891601563,"y":142.88575744628907,"z":253.01467895507813},"rotation":{"x":-0.09466369450092316,"y":0.012227884493768216,"z":-0.0011456755455583335,"w":-0.9954642653465271},"size":174.7357177734375,"orthographic":false}