{"cameraMode":{"drawMode":0,"name":"Shaded","section":"Shading Mode"},"sceneLighting":true,"audioPlay":false,"sceneViewState":{"showFog":false,"showMaterialUpdate":false,"showSkybox":true,"showFlares":true,"showImageEffects":true,"showParticleSystems":true},"in2DMode":false,"pivot":{"x":-837.0537109375,"y":-2599.53857421875,"z":276.90240478515627},"rotation":{"x":-0.6576148271560669,"y":0.07329156249761582,"z":-0.06449702382087708,"w":-0.7470548748970032},"size":2597.056396484375,"orthographic":false}