{"cameraMode":{"drawMode":0,"name":"Shaded","section":"Shading Mode"},"sceneLighting":true,"audioPlay":false,"sceneViewState":{"showFog":false,"showMaterialUpdate":false,"showSkybox":true,"showFlares":true,"showImageEffects":true,"showParticleSystems":true},"in2DMode":false,"pivot":{"x":-1013.96533203125,"y":114.7359390258789,"z":943.3671875},"rotation":{"x":0.009990355931222439,"y":0.1969778835773468,"z":0.0020087503362447025,"w":-0.9803726673126221},"size":1072.2723388671875,"orthographic":false}