{"cameraMode":{"drawMode":0,"name":"Shaded","section":"Shading Mode"},"sceneLighting":true,"audioPlay":false,"sceneViewState":{"showFog":false,"showMaterialUpdate":false,"showSkybox":true,"showFlares":true,"showImageEffects":true,"showParticleSystems":true},"in2DMode":false,"pivot":{"x":476.9826354980469,"y":-286.6143798828125,"z":785.1336669921875},"rotation":{"x":-0.5179893970489502,"y":0.027445578947663308,"z":-0.016631176695227624,"w":-0.854787290096283},"size":2350.28466796875,"orthographic":false}