{"cameraMode":{"drawMode":0,"name":"Shaded","section":"Shading Mode"},"sceneLighting":true,"audioPlay":false,"sceneViewState":{"showFog":false,"showMaterialUpdate":false,"showSkybox":true,"showFlares":true,"showImageEffects":true,"showParticleSystems":true},"in2DMode":false,"pivot":{"x":-470.7999572753906,"y":423.57025146484377,"z":-435.1292419433594},"rotation":{"x":-0.16675230860710145,"y":-0.0942237600684166,"z":0.016012657433748246,"w":-0.9813784956932068},"size":238.40533447265626,"orthographic":false}