{"cameraMode":{"drawMode":0,"name":"Shaded","section":"Shading Mode"},"sceneLighting":true,"audioPlay":false,"sceneViewState":{"showFog":false,"showMaterialUpdate":false,"showSkybox":true,"showFlares":true,"showImageEffects":true,"showParticleSystems":true},"in2DMode":false,"pivot":{"x":-453.0124816894531,"y":-1953.4359130859375,"z":1611.8294677734375},"rotation":{"x":-0.403938889503479,"y":-0.005224009044468403,"z":0.0023271339014172556,"w":-0.9148097634315491},"size":5090.48193359375,"orthographic":false}