{"cameraMode":{"drawMode":0,"name":"Shaded","section":"Shading Mode"},"sceneLighting":true,"audioPlay":false,"sceneViewState":{"showFog":false,"showMaterialUpdate":false,"showSkybox":true,"showFlares":true,"showImageEffects":true,"showParticleSystems":true},"in2DMode":false,"pivot":{"x":-699.780029296875,"y":69.08000183105469,"z":15.65999984741211},"rotation":{"x":-0.37703266739845278,"y":0.2692137658596039,"z":-0.11547798663377762,"w":-0.8787062764167786},"size":40.010372161865237,"orthographic":false}