{"cameraMode":{"drawMode":0,"name":"Shaded","section":"Shading Mode"},"sceneLighting":true,"audioPlay":false,"sceneViewState":{"showFog":false,"showMaterialUpdate":false,"showSkybox":true,"showFlares":true,"showImageEffects":true,"showParticleSystems":true},"in2DMode":false,"pivot":{"x":-139.2471923828125,"y":-149.3001708984375,"z":403.04766845703127},"rotation":{"x":-0.1967305690050125,"y":0.4721020758152008,"z":-0.10893607139587403,"w":-0.8524186611175537},"size":2801.870361328125,"orthographic":false}