{"cameraMode":{"drawMode":0,"name":"Shaded","section":"Shading Mode"},"sceneLighting":true,"audioPlay":false,"sceneViewState":{"showFog":false,"showMaterialUpdate":false,"showSkybox":true,"showFlares":true,"showImageEffects":true,"showParticleSystems":true},"in2DMode":false,"pivot":{"x":586.1301879882813,"y":212.43777465820313,"z":462.9584655761719},"rotation":{"x":-0.09466369450092316,"y":0.012227884493768216,"z":-0.0011456755455583335,"w":-0.9954642653465271},"size":2233.818359375,"orthographic":false}