{"cameraMode":{"drawMode":0,"name":"Shaded","section":"Shading Mode"},"sceneLighting":true,"audioPlay":false,"sceneViewState":{"showFog":false,"showMaterialUpdate":false,"showSkybox":true,"showFlares":true,"showImageEffects":true,"showParticleSystems":true},"in2DMode":false,"pivot":{"x":-757.6573486328125,"y":80.64012908935547,"z":1014.4000244140625},"rotation":{"x":-0.37703266739845278,"y":0.2692137658596039,"z":-0.11547798663377762,"w":-0.8787062764167786},"size":171.13966369628907,"orthographic":false}