{"cameraMode":{"drawMode":0,"name":"Shaded","section":"Shading Mode"},"sceneLighting":true,"audioPlay":false,"sceneViewState":{"showFog":false,"showMaterialUpdate":false,"showSkybox":true,"showFlares":true,"showImageEffects":true,"showParticleSystems":true},"in2DMode":false,"pivot":{"x":-699.780029296875,"y":68.91999816894531,"z":14.360000610351563},"rotation":{"x":-0.26573631167411806,"y":0.3839336335659027,"z":-0.11634925752878189,"w":-0.8766569495201111},"size":16.10282325744629,"orthographic":false}