{"cameraMode":{"drawMode":0,"name":"Shaded","section":"Shading Mode"},"sceneLighting":true,"audioPlay":false,"sceneViewState":{"showFog":false,"showMaterialUpdate":false,"showSkybox":true,"showFlares":true,"showImageEffects":true,"showParticleSystems":true},"in2DMode":false,"pivot":{"x":289.9326171875,"y":-178.060546875,"z":1790.2576904296875},"rotation":{"x":-0.3309054672718048,"y":0.3938375413417816,"z":-0.1544605791568756,"w":-0.8435768485069275},"size":3091.74609375,"orthographic":false}