{"cameraMode":{"drawMode":0,"name":"Shaded","section":"Shading Mode"},"sceneLighting":true,"audioPlay":false,"sceneViewState":{"showFog":false,"showMaterialUpdate":false,"showSkybox":true,"showFlares":true,"showImageEffects":true,"showParticleSystems":true},"in2DMode":false,"pivot":{"x":5.487823963165283,"y":19.56136703491211,"z":2.3685033321380617},"rotation":{"x":-0.3355465233325958,"y":0.12412254512310028,"z":-0.044626545161008838,"w":-0.9327864050865173},"size":7.169676780700684,"orthographic":false}