{"cameraMode":{"drawMode":0,"name":"Shaded","section":"Shading Mode"},"sceneLighting":true,"audioPlay":false,"sceneViewState":{"showFog":false,"showMaterialUpdate":false,"showSkybox":true,"showFlares":true,"showImageEffects":true,"showParticleSystems":true},"in2DMode":false,"pivot":{"x":776.9823608398438,"y":-312.64892578125,"z":387.38079833984377},"rotation":{"x":-0.2158971130847931,"y":-0.7623264789581299,"z":0.31497180461883547,"w":-0.5225357413291931},"size":2443.39794921875,"orthographic":false}